model_name,sample_idx,method,tree_idx,tree,num_contexts,likelihood,opt
model1,0,smc,0,000000 000010 000100 001000 001010 1 10000 100000 100010 10010 100100 10100 101000 101010,14,-1652.444795181903,0
model1,0,smc,1,000000 000010 000100 001010 1 1000 10000 100000 100010 10010 100100 10100 101010,13,-1652.4599744834854,0
model1,0,smc,2,000000 000010 000100 1 1000 10000 100000 100010 10010 100100 1010 10100,12,-1652.4941487448048,1
model1,0,smc,3,000000 000010 1 100 1000 10000 100000 100010 10010 1010,10,-1653.1932381674112,0
model1,0,smc,4,000 000010 1 100 100010 10010 1010,7,-1654.995201623547,0
model1,0,smc,5,00 000010 1 100010 10010 1010,6,-1655.9426444453902,0
model1,0,smc,6,00 1 10,3,-1658.9535249100395,0
model1,0,smc,7,0 1,2,-1675.746574406392,0
