model_name,sample_idx,method,tree_idx,tree,num_contexts,likelihood,opt,opt_idx
model1,0,smc,0,000000 000001 000010 000100 000101 001000 001001 001010 10000 100000 100001 10001 100010 10010 100100 100101 10100 101000 101001 10101 101010,21,-6710.434639949401,0,1
model1,0,smc,1,000000 000010 000100 001000 001010 1 10000 100000 100010 10010 100100 10100 101000 101010,14,-6711.434580564626,1,1
